ID,Nuotrauka,Pavadinimas,Kryptis / kolekcija,Tipas,Pradžios data,Baigimo data,Fotografuota?,Matmenys,Degimas / glazūra (€),Studijos kaštas (€),Molio kaštai  (€),Darbo val. (val.),Įkainis (€/val.),Pakavimas (€),Kiti kaštai (€),Savikaina (€),Antkainis,Rekomenduojama kaina (€),Mano kaina (€),Kainos statusas,Pardavimo statusas,Pardavimo data,Pardavimo kaina (€),Pelnas iš darbo (€),Vertės argumentas,Aprašymas
K-001,,CliffSide,Terra + lava glaze,Vaza,Liepa,Rugpjūtis,Profesionaliai,H30 cm,€24.00,€30.00,€5.00,3,€15.00,,,€104.00,50.0%,€160.00,€180.00,Trūksta kainos,Neparduota,,,,"Profesionalus pateikimas, meninis objektas, išlaidos, studija, glazūros, degimai","Hand-built red stoneware sculpture vase, approx. 25 cm high. 

Inspired by sea spray, eroded cliffs, earth, and sandy shorelines, CliffSide combines a raw, textured surface with a deep earthy red finish.

The vase can hold water, but as with handmade ceramics, slight dampness, mold, or occasional leakage may occur. For long-term use, dried flowers or displaying it simply as a sculptural object is recommended.

Each piece is handmade from natural clay and glaze, so subtle variations in texture, color, and finish are part of its character and may differ slightly from the photographs."
K-002,,MiniMoon,White + lava glaze,Vaza,,,Profesionaliai,H20 cm,€14.00,€30.00,€4.00,3,€10.00,,,€78.00,60.0%,€125.00,,Trūksta kainos,Neparduota,,,,,
K-003,,SeaCreature,Terra + lava glaze,Vaza,,,Profesionaliai,H20 cm,€15.00,€30.00,€4.00,4,€15.00,,,€109.00,60.0%,€175.00,€145.00,Trūksta kainos,Neparduota,,,,,
K-004,,BlackMoon,Black Stoneware ,Vaza,,,Profesionaliai,H40 cm,€35.00,€30.00,€10.00,6,€15.00,,,€165.00,60.0%,€265.00,,Trūksta kainos,Neparduota,,,,,
K-005,,TheMoon,White + lava glaze,Vaza,,,Profesionaliai,H35 cm,€35.00,€30.00,€10.00,6,€15.00,,,€165.00,60.0%,€265.00,,Trūksta kainos,Neparduota,,,,,
K-006,,BlackMagma,Black Stoneware + magma glaze,Vaza,,,Profesionaliai,H25 cm,€15.00,€30.00,€5.00,3,€10.00,,,€80.00,60.0%,€130.00,,Trūksta kainos,Neparduota,,,,,
K-007,,Jugful,Black Stoneware + lava glaze,Vaza,,,Profesionaliai,H38 cm,€30.00,€30.00,€10.00,5,€15.00,,,€145.00,60.0%,€235.00,,Trūksta kainos,Neparduota,,,,,
K-008,,MoonStone,Black Stoneware + lava glaze,Vaza,,,Profesionaliai,H20 cm,€14.00,€30.00,€6.00,4,€15.00,,,€110.00,60.0%,€180.00,,Trūksta kainos,Neparduota,,,,,